id,title,image
1,8C6D1936-B353-4A3F-BB8A-5EB106FA009.jpg,https://upload.wikimedia.org/wikipedia/commons/8/82/8C6D1936-B353-4A3F-BB8A-5EB106FA009.jpg
2,AISN Basketball Court.jpg,https://upload.wikimedia.org/wikipedia/commons/3/36/AISN_Basketball_Court.jpg
3,Akhmed Khanbiev ACA.jpg,https://upload.wikimedia.org/wikipedia/commons/8/89/Akhmed_Khanbiev_ACA.jpg
4,A powder blue football game in the Grove.jpg,https://upload.wikimedia.org/wikipedia/commons/e/e7/A_powder_blue_football_game_in_the_Grove.jpg
5,Amar 66 runs.jpg,https://upload.wikimedia.org/wikipedia/commons/2/21/Amar_66_runs.jpg
6,Abdul Baten.jpg,https://upload.wikimedia.org/wikipedia/commons/7/74/Abdul_Baten.jpg
7,A648175.jpg,https://upload.wikimedia.org/wikipedia/commons/d/d8/A648175.jpg
8,2012-7-11 Kick Ball Game Panorama (7577970082).jpg,https://upload.wikimedia.org/wikipedia/commons/7/77/2012-7-11_Kick_Ball_Game_Panorama_%287577970082%29.jpg
9,20211117 egine258.jpg,https://upload.wikimedia.org/wikipedia/commons/0/0e/20211117_egine258.jpg
10,2024 National Futsal Championships.jpg,https://upload.wikimedia.org/wikipedia/commons/f/fe/2024_National_Futsal_Championships.jpg
